"","Category","Brands","Price","Rating","Review"
"1","Headphones","Wireless Earbuds Bluetooth Headphones, 40H Playtime Stereo IPX5 Waterproof Ear Buds, LED Power Display Cordless in-Ear Earphones with Microphone for iOS Andriod Cell Phone Sports","21.","4.8 out of 5 stars","3,400  "
"2","Headphones","Wireless Earbuds Bluetooth Headphones 5.3 Bass Stereo Earphones, 40H Playtime Ear Buds with LED Power Display, Bluetooth Earbud with Noise Cancelling Mic IPX7 Waterproof Earbuds for iOS Android","29.","4.6 out of 5 stars","2,932  "
"3","Headphones","TREBLAB X3-Pro - Wireless Earbuds with Earhooks - 145H Playtime, IPX5 Waterproof Earphones for Running & Workout - Sport Bluetooth Headphones with Charging case - Built-in Microphone - UPD 2024","59.","4.1 out of 5 stars","3,996  "
"4","Headphones","Apple AirPods (2nd Generation) Wireless Ear Buds, Bluetooth Headphones with Lightning Charging Case Included, Over 24 Hours of Battery Life, Effortless Setup for iPhone","","4.7 out of 5 stars","609,237  "
"5","Headphones","JBL Tune 510BT: Wireless On-Ear Headphones with Purebass Sound - Black","49.","4.6 out of 5 stars","53,721  "
"6","Headphones","Soundcore Anker Life Q20 Hybrid Active Noise Cancelling Headphones, Wireless Over Ear Bluetooth Headphones, 60H Playtime, Hi-Res Audio, Deep Bass, Memory Foam Ear Cups, for Travel, Home Office","49.","4.5 out of 5 stars","74,279  "
"7","Headphones","JBL Vibe Beam True Wireless Headphones - Black, Small","49.","4.4 out of 5 stars","6,647  "
"8","Headphones","JBL Vibe 200TWS True Wireless Earbuds - Black, Small","","4.2 out of 5 stars","19,563  "
"9","Headphones","A1 Mini Wireless Earbuds Bluetooth 5.3 in Ear Light-Weight Headphones Built-in Microphone, IPX5 Waterproof, Immersive Premium Sound Long Distance Connection Headset with Charging Case, Black","15.","4.3 out of 5 stars","76,461  "
"10","Headphones","HT2 Hybrid Active Noise Cancelling Headphones, Wireless Over Ear Bluetooth Headphones, 60H Playtime, Hi-Res Audio Custom EQ via App Deep Bass Comfort Fit Ear Cups, for Home Office Travel","49.","4.6 out of 5 stars","3,317  "
"11","Headphones","Bluetooth Headphones Wireless Earbuds 80hrs Playtime Wireless Charging Case Digital Display Sports Ear buds with Earhook Premium Deep Bass IPX7 Waterproof Over-Ear Earphones for TV Phone Laptop Black","37.","4.5 out of 5 stars","11,879  "
"12","Headphones","Sony WH-1000XM4 Wireless Premium Noise Canceling Overhead Headphones with Mic for Phone-Call and Alexa Voice Control, Black WH1000XM4","248.","4.6 out of 5 stars","55,020  "
"13","Headphones","Neckband Bluetooth Headphones, Around The Neck Headphones 24H+ Playtime, Bluetooth Headsets with Call Vibration, Shark Jaw Design Wireless Earbuds+Noise Isolation/Built-in Mic/IPX7 Waterproof","29.","4.0 out of 5 stars","1,994  "
"14","Headphones","CN-Outlet Bulk Earbuds with Microphone 100 Pack,Compatible with iPhone,Computer,Chromebook,Laptop iPad and Android Devices,3.5mm Jack,Wired Earphones for School,Kids,Toddler,Classroom,Library","99.","4.2 out of 5 stars","24  "
"15","Headphones","CAPOXO Wireless Earbuds Bluetooth Headphones 60Hrs Playback Ear Buds IPX7 Waterproof Sports Earphones with Wireless Charging Case & LED Power Display Microphone Headset for Android Phone Laptop","19.","5.0 out of 5 stars","158  "
"16","Headphones","Soundcore by Anker Space A40 Auto-Adjustable Active Noise Cancelling Wireless Earbuds, Reduce Noise by Up to 98%, 50H Playtime, Comfortable Fit, Hi-Res Sound, App Customization, Wireless Charge","59.","4.3 out of 5 stars","5,206  "
"17","Headphones","bmani Wireless Earbuds Bluetooth Headphones 48hrs Play Back Sport Earphones with LED Display Over-Ear Buds with Earhooks Built-in Mic Headset for Workout Black","39.","4.4 out of 5 stars","43,111  "
"18","Headphones","SHOKZ OpenRun (AfterShokz Aeropex) - Open-Ear Bluetooth Bone Conduction Sport Headphones - Sweat Resistant Wireless Earphones for Workouts and Running - Built-in Mic, with Headband","129.","4.6 out of 5 stars","24,784  "
"19","Headphones","Sony ZX Series Wired On-Ear Headphones, Black MDR-ZX110 (Packaging may vary)","","4.5 out of 5 stars","98,991  "
"20","Headphones","BERIBES Bluetooth Headphones Over Ear, 65H Playtime and 6 EQ Music Modes Wireless Headphones with Microphone, HiFi Stereo Foldable Lightweight Headset, Deep Bass for Home Office Cellphone PC Ect.","17.","4.5 out of 5 stars","22,250  "
"21","Headphones","Sony WH-CH720N Noise Canceling Wireless Headphones Bluetooth Over The Ear Headset with Microphone and Alexa Built-in, Black New","","4.5 out of 5 stars","4,231  "
"22","Headphones","LUDOS FEROX Wired Earbuds in-Ear Headphones, 5 Year Warranty, Earphones with Microphone, Noise Isolation Corded for 3.5mm Jack Ear Buds for iPhone, Samsung, Computer, Laptop, Kids, School Students","9.","4.3 out of 5 stars","1,616  "
"23","Headphones","Wireless Earbuds Bluetooth Headphones, 40H Playtime Stereo IPX5 Waterproof Ear Buds, LED Power Display Cordless in-Ear Earphones with Microphone for iOS Andriod Cell Phone Sports","21.","4.8 out of 5 stars","3,400  "
"24","Headphones","SHOKZ OpenRun Pro - Open-Ear Bluetooth Bone Conduction Sport Headphones - Sweat Resistant Wireless Earphones for Workouts and Running with Premium Deep Base - Built-in Mic, with Hair Band","179.","4.6 out of 5 stars","16,972  "
"25","Headphones","Soundcore by Anker P20i True Wireless Earbuds, 10mm Drivers with Big Bass, Bluetooth 5.3, 30H Long Playtime, Water-Resistant, 2 Mics for AI Clear Calls, 22 Preset EQs, Customization via App","19.","4.5 out of 5 stars","12,386  "
"26","Headphones","Sony WH-1000XM5 The Best Wireless Noise Canceling Headphones with Auto Noise Canceling Optimizer, Crystal Clear Hands-Free Calling, and Alexa Voice Control, Black","328.","4.4 out of 5 stars","12,671  "
"27","Headphones","Bose QuietComfort Ultra Wireless Noise Cancelling Earbuds, Bluetooth Noise Cancelling Earbuds with Spatial Audio and World-Class Noise Cancellation, Black","299.","3.9 out of 5 stars","2,063  "
"28","Headphones","Bose QuietComfort Wireless Noise Cancelling Headphones, Bluetooth Over Ear Headphones with Up To 24 Hours of Battery Life, Black","349.","4.6 out of 5 stars","1,514  "
"29","Headphones","T6 True Wireless Earbuds Bluetooth 5.3 Headphones Touch Control with Wireless Charging Case IPX8 Waterproof Stereo Earphones in-Ear Built-in Mic Headset Premium Deep Bass Black","20.","4.4 out of 5 stars","262,577  "
"30","Headphones","JLab Go Air Pop True Wireless Bluetooth Earbuds + Charging Case, Black, Dual Connect, IPX4 Sweat Resistance, Bluetooth 5.1 Connection, 3 EQ Sound Settings Signature, Balanced, Bass Boost","24.","4.4 out of 5 stars","44,433  "
"31","Headphones","Wireless Earbud, Bluetooth 5.3 Headphones in Ear with Noise Cancelling Mic, Earbud Stereo Bass, IP-X7 Waterproof Sports Earphones, 32H Playtime USB C Charging Buds Pink for Android iOS","21.","4.3 out of 5 stars","22,535  "
"32","Headphones","Open-Ear Headphones, Ultra Comfort Open Ear Earbuds, Open Ear Headphones Wireless Bluetooth for Snug Fit, Ergonomic Ear Hook, Balanced Sound, IPX7 Waterproof, 40H Playtime, Bluetooth 5.3, Clear Calls","199.","4.4 out of 5 stars","4,789  "
"33","Headphones","Wireless Earbuds, Bluetooth5.0 Earbuds Touch Control Stereo Sound Bluetooth Headphones with Mic, 35H Playtime IPX7 Waterproof Wireless Ear Buds with Type C Charging Case for airpods iPhone Android","21.","4.4 out of 5 stars","1,924  "
"34","Camera","Drift Innovation Ghost XL Action Camera – 1080 Full HD Video Camera with Rotating Lens and Dash Cam Mode – IPX7 Waterproof Camera – 9 Hour Battery Life – 12MP Still Photos","149.","4.0 out of 5 stars","1,080  "
"35","Camera","4K Digital Camera for Photography, 48 MP Vlogging Camera for YouTube Dual Camera Autofocus 18X Digital Zoom Photo Camera with 64GB TF Card, Point and Shoot Digital Cameras for Teens Beginners（Black）","119.","4.8 out of 5 stars","30  "
"36","Camera","USHINING Kids Camera Waterproof Digital Camera for Kids 12MP Rotatable Lens Selfie Kids Video Camera Underwater Kids Action Camera 3-12 Years Boys Girls Birthday with 32GB SD Card Blue","19.","4.2 out of 5 stars","118  "
"37","Camera","SAMSUNG EVO Select Micro SD-Memory-Card + Adapter, 512GB microSDXC 130MB/s Full HD & 4K UHD, UHS-I, U3, A2, V30, Expanded Storage for Android Smartphones, Tablets, Nintendo-Switch (MB-ME512KA/AM)","24.","4.7 out of 5 stars","78,623  "
"38","Camera","Fujifilm Instax Mini Instant Film Twin Pack (White), 20 photos","13.","4.8 out of 5 stars","106,015  "
"39","Camera","WYZE Cam Pan v3 Indoor/Outdoor IP65-Rated 1080p Pan/Tilt/Zoom Wi-Fi Smart Home Security Camera with Motion Tracking for Baby & Pet, Color Night Vision, 2-Way Audio, Works with Alexa & Google Assistant","35.","4.3 out of 5 stars","12,730  "
"40","Camera","SanDisk 128GB Extreme PRO SDXC UHS-I Memory Card - C10, U3, V30, 4K UHD, SD Card - SDSDXXD-128G-GN4IN","21.","4.8 out of 5 stars","38,665  "
"41","Camera","SanDisk 128GB Extreme microSDXC UHS-I Memory Card with Adapter - Up to 190MB/s, C10, U3, V30, 4K, 5K, A2, Micro SD Card - SDSQXAA-128G-GN6MA","15.","4.8 out of 5 stars","80,615  "
"42","Camera","Emart Backdrop Stand 10x7ft(WxH) Photo Studio Adjustable Background Stand Support Kit with 2 Crossbars, 8 Backdrop Clamps, 2 Sandbags and Carrying Bag for Parties Events Decoration","38.","4.6 out of 5 stars","35,709  "
"43","Camera","Amazon Basics Micro SDXC Memory Card with Full Size Adapter, A2, U3, Read Speed up to 100 MB/s, 128GB, Black","17.","4.7 out of 5 stars","69,692  "
"44","Camera","SanDisk 128GB microSDXC-Card, Licensed for Nintendo-Switch - SDSQXAO-128G-GNCZN","15.","4.8 out of 5 stars","307,285  "
"45","Camera","Sensyne 10'' Ring Light with 50'' Extendable Tripod Stand, LED Circle Lights with Phone Holder for Live Stream/Makeup/YouTube Video/TikTok, Compatible with All Phones","28.","4.5 out of 5 stars","64,860  "
"46","Camera","Instant Print Camera for Kids,1080P HD Instant Print Photo,Christmas Birthday Gifts Girls Boys Age 3-12,Videos, Games, Music, Portable Toy with 3 Rolls Photo Paper (Yellow)","29.","",""
"47","Camera","Instant Camera for Kids, 1080P Kids Camera Instant Print with No Ink Print Paper & 32G SD Card,Selfie Digital Camera & Video Camera with 2.4” Screen,Ideal Toy Gift for Girls Boys 3-12 (Pink)","43.","4.3 out of 5 stars","239  "
"48","Camera","Kids Camera Instant Print, 1080P HD Kids Digital Camera for Boys Girls with Print Paper & 32G TF Card, 10x Zoom Selfie & Video Camera with DIY Color Pens, Gift for Kids 3-12 Years Old (Green)","45.","4.2 out of 5 stars","47  "
"49","Camera","Digital Camera, FHD 1080P Camera, Digital Point and Shoot Camera with 16X Zoom Anti Shake, Compact Small Camera for Boys Girls Kids","49.","4.4 out of 5 stars","4,320  "
"50","Camera","WYZE Cam OG 1080p HD Wi-Fi Security Camera - Indoor/Outdoor, Color Night Vision, Spotlight, 2-Way Audio, Cloud & Local storage- Ideal for Home Security, Baby, Pet Monitoring Alexa Google Assistant","24.","4.4 out of 5 stars","7,709  "
"51","Camera","WYZE Cam v3 with Color Night Vision, Wired 1080p HD Indoor/Outdoor Video Camera, 2-Way Audio, Works with Alexa, Google Assistant, and IFTTT","25.","4.4 out of 5 stars","75,609  "
"52","Camera","HAPPRUN Projector, Native 1080P Bluetooth Projector with 100"" Screen, Portable Outdoor Movie Projector, Mini Projector for Home Bedroom, Compatible with Smartphone,HDMI,USB,AV,Fire Stick,PS5","79.","4.4 out of 5 stars","5,798  "
"53","Camera","Kasa Indoor Pan/Tilt Smart Security Camera, 1080p HD Dog-Camera,2.4GHz with Night Vision,Motion Detection for Baby and Pet Monitor, Cloud & SD Card Storage, Works with Alexa& Google Home (EC70), White","24.","4.4 out of 5 stars","26,856  "
"54","Camera","SanDisk 128GB Ultra SDXC UHS-I Memory Card - Up to 140MB/s, C10, U1, Full HD, SD Card - SDSDUNB-128G-GN6IN","14.","4.7 out of 5 stars","63,157  "
"55","Camera","Security Cameras Wireless Outdoor, 1080P Battery Powered AI Motion Detection Spotlight Siren Alarm WiFi Surveillance Indoor Home Camera, Color Night Vision, 2-Way Talk, Waterproof, Cloud/SD Storage","47.","4.4 out of 5 stars","5,572  "
"56","Camera","Frameo 10.1 Inch WiFi Digital Picture Frame, 1280x800 HD IPS Touch Screen Photo Frame Electronic, 32GB Memory, Auto-Rotate, Wall Mountable, Share Photos/Videos Instantly via Frameo App from Anywhere","69.","4.6 out of 5 stars","1,894  "
"57","Camera","MagicFiber Microfiber Cleaning Cloth, 6 Pack - Premium Cloth for Glasses, Lens, Screens & More","7.","4.7 out of 5 stars","73,309  "
"58","Camera","DJI Mini 2 SE, Lightweight Mini Drone with QHD Video, 10km Max Video Transmission, 31-Min Flight Time, Under 249 g, Auto Return to Home, 3-Axis Gimbal Drone with EIS, Drone with Camera for Beginners","299.","4.5 out of 5 stars","3,252  "
"59","Camera","CHAMBERLAIN Smart Garage Control - Wireless Garage Hub and Sensor with Wifi & Bluetooth - Smartphone Controlled, myQ-G0401-ES, White","","4.3 out of 5 stars","98,011  "
"60","Camera","AKASO EK7000 4K30FPS 20MP Action Camera Ultra HD Underwater Camera 170 Degree Wide Angle 98FT Waterproof Camera Support External Microphone","69.","4.4 out of 5 stars","37,486  "
"61","Camera","SAMSUNG PRO Plus microSD Memory Card + Adapter, 256GB MicroSDXC, Up to 180 MB/s, Full HD & 4K UHD, UHS-I, C10, U3, V30, A2 for Android Phones, Tablets, GoPRO, DJI Drone, MB-MD256SA/AM, 2023","22.","4.8 out of 5 stars","21,006  "
"62","Camera","Smartphone Solar Imaging Enhancing Photo Lens","8.","4.0 out of 5 stars","384  "
"63","Camera","Fujifilm Instax Mini Instant Camera Film: 20 Shoots Total, (10 Sheets x 2) - Capture Memories Anytime, Anywhere - Boomph Kit","29.","4.8 out of 5 stars","2,345  "
"64","Camera","Bike Camera - 4K Ultra HD Action Camera with 20MP Photo Resolution WiFi 2500mAh Long-Life Battery IPX68 Water Resistant 2"" IPS Screen Action Camera Features Anti Shake Cycling Sports Cam","129.","5.0 out of 5 stars","4  "
"65","Camera","AKASO Brave 8 4K60FPS Action Camera, 48MP Photo Touch Screen Waterproof Super Wide Angle 16x Slo-mo SuperSmooth Stabilization Underwater Camera with Remote Control Helmet Accessories","289.","4.1 out of 5 stars","51  "
"66","Camera","Nikon D850 45.7MP Full-Frame FX-Format Digital SLR Camera Black Body Bundle with 64GB Memory Card, Photo and Video Professional Editing Suite, Camera Sling Backpack and Cleaning Kit","2,699.","4.6 out of 5 stars","15  "
